,FISICO_BIO_Phosphate,FISICO_BIO_Iron,FISICO_BIO_Light_bottom,FISICO_BIO_Nitrate,FISICO_BIO_Dissolved_oxygen,FISICO_BIO_pH,FISICO_BIO_Salinity,FISICO_BIO_Silicate,FISICO_BIO_Temperature,FISICO_BIO_P_a_r,FISICO_BIO_Organic_matter,FISICO_BIO_Chlorophyll,FISICO_BIO_Phytoplankton,FISICO_BIO_Utilized_oxygen,FISICO_BIO_Primary_productivity,HIDRO_Aspect,HIDRO_Eastness,HIDRO_River_influence,HIDRO_Currents_velocity,HIDRO_Runoff,HIDRO_Wind_v,HIDRO_Land_distance,HIDRO_L_t_m,HIDRO_Northness,HIDRO_R_d_m_v,HIDRO_Slope,HIDRO_Stde,HIDRO_Superficie,HIDRO_Hardness,HIDRO_Particle_size,HIDRO_E_l_d,HIDRO_D_a_c,HIDRO_R_i_m_b
LE1_FisicoBio_OPTIMIZED,0.8730525103987763,-0.6711911389219133,-0.8211036116632198,0.8876260751061461,-0.8100766692240543,0.5358737653943404,0.9784080443379236,0.43634082558620324,-0.9432341701402666,-0.41350764782818306,-0.3098100349920811,-0.7718491978967048,-0.9424514114899601,0.4819458752555674,-0.9848465586314046,-0.18414646388300404,0.16669221035038304,-0.41230507238972164,0.3414941648356321,-0.4987032751612256,0.2676452667954531,0.44233546417422676,0.7412715678121209,0.18821627048683487,0.14397332807494606,-0.3695485264788283,-0.39263895986546093,0.6822446120306327,-0.2029333263892041,-0.5735678948930126,-0.5986472061338198,-0.591958369301432,-0.6144597557589537
LE2_Hidro_OPTIMIZED,-0.5332501777221419,0.4660374211761918,0.583642963313289,-0.5538410301946518,0.49712568459205586,0.24063413805677436,-0.5515025604886539,-0.25738378228636244,0.5671759754558554,0.368641077562538,-0.36634328507472214,0.5559428345850965,0.610047464627359,-0.5470192679916387,0.5749905628254541,-0.3391235737076697,-0.23364017639293636,0.6625515633675373,-0.35429583033761497,0.3369709340978159,-0.7215995198776268,-0.6000743220024675,-0.6038265347624332,-0.3637734150248864,-0.1444120305690407,0.4315089325345952,0.45528597989521363,-0.6006128486476652,0.27934766168044106,0.5473483294656025,0.6551443531076695,0.6668776574944885,0.758416945046924
